file,variable,latitude,longitude,ecco_mean,omg_mean,difference
CTD_20160916_140334.nc,THETA,74.73277282714844,-65.24624633789062,0.45726728,1.2565912,0.7993239
CTD_20160928_154417.nc,THETA,75.95733642578125,-59.61069107055664,1.5420092,1.3411667,-0.2008425
CTD_20160923_153439.nc,THETA,81.22250366210938,-64.78015899658203,-0.85167974,-0.29401058,0.55766916
CTD_20160914_145226.nc,THETA,69.19828033447266,-52.412818908691406,1.6029425,2.1628723,0.55992985
CTD_20160924_155359.nc,THETA,73.73886108398438,-61.26927947998047,0.48854497,1.4049733,0.9164283
CTD_20160928_133513.nc,THETA,74.03338623046875,-58.2613410949707,0.15606375,1.0078883,0.8518246
CTD_20160928_130838.nc,THETA,74.64826202392578,-61.149200439453125,0.62559575,1.5933299,0.96773416
CTD_20160914_113251.nc,THETA,67.74603271484375,-58.61214828491211,1.0186199,1.1464938,0.1278739
CTD_20160913_154431.nc,THETA,64.77964782714844,-53.0094108581543,2.2732573,3.6394675,1.3662102
CTD_20160928_131853.nc,THETA,74.524169921875,-60.02251052856445,0.52493834,1.6233,1.0983616
CTD_20160929_145648.nc,THETA,71.98985290527344,-17.682830810546875,0.5443912,0.91178834,0.36739713
CTD_20160924_163708.nc,THETA,71.98094177246094,-59.961429595947266,0.71054274,1.8447305,1.1341877
CTD_20160929_150010.nc,THETA,71.91944122314453,-17.121719360351562,0.50299275,0.48380628,-0.019186467
CTD_20160924_161112.nc,THETA,73.0257568359375,-63.04066848754883,0.40490803,1.2464974,0.84158933
CTD_20160919_105644.nc,THETA,74.83074951171875,-16.701690673828125,-0.4385871,0.40561587,0.844203
CTD_20160916_152547.nc,THETA,76.54753875732422,-74.03031158447266,-0.36818197,0.02298919,0.39117116
CTD_20160924_184444.nc,THETA,73.62181854248047,-58.00141906738281,0.45312107,1.6982335,1.2451124
CTD_20160924_164636.nc,THETA,72.24394226074219,-58.547821044921875,0.541628,1.3017172,0.76008916
CTD_20160914_140842.nc,THETA,70.98692321777344,-56.181060791015625,0.53876007,2.1839967,1.6452366
CTD_20160919_103843.nc,THETA,73.87767028808594,-18.016870498657227,-0.37600073,0.23801714,0.61401784
CTD_20160923_152417.nc,THETA,81.11044311523438,-62.13706970214844,-0.9536092,-0.2241296,0.7294796
CTD_20160913_152643.nc,THETA,64.10706329345703,-53.22467041015625,2.9968262,4.540856,1.5440297
CTD_20160924_180521.nc,THETA,73.07792663574219,-58.98640060424805,0.5907016,1.6542925,1.0635909
CTD_20160929_141211.nc,THETA,71.945068359375,-21.572460174560547,0.0077384305,0.71292824,0.7051898
CTD_20160924_160742.nc,THETA,73.18962860107422,-62.573429107666016,0.52635133,1.2043681,0.6780168
CTD_20160921_112603.nc,THETA,77.55322265625,-15.455860137939453,-0.99293554,-0.57840073,0.4145348
CTD_20160914_121319.nc,THETA,69.2605209350586,-59.08258056640625,1.1566622,1.1532625,-0.0033997297
CTD_20160916_123311.nc,THETA,68.37175750732422,-55.62213134765625,1.7928193,2.17525,0.3824308
CTD_20160921_112128.nc,THETA,77.28082275390625,-15.233920097351074,-0.97322845,-0.8238482,0.14938027
CTD_20160928_154917.nc,THETA,75.94892883300781,-60.439361572265625,1.0429832,1.600942,0.55795884
CTD_20160916_145103.nc,THETA,75.84780883789062,-69.34266662597656,-0.09580286,1.381976,1.4777789
CTD_20160923_163350.nc,THETA,78.36917114257812,-73.61444091796875,-0.7521267,0.337596,1.0897226
CTD_20160928_134526.nc,THETA,74.11335754394531,-56.47211837768555,4.13209,1.6245837,-2.5075064
CTD_20160924_154631.nc,THETA,74.03315734863281,-62.52777099609375,0.45289057,1.2969736,0.844083
CTD_20160924_171848.nc,THETA,72.9395980834961,-55.62314987182617,0.8439503,1.8307245,0.9867742
CTD_20160920_111204.nc,THETA,76.37444305419922,-16.79054069519043,-0.7147859,-0.02185288,0.69293296
CTD_20160923_152021.nc,THETA,80.9990005493164,-61.32299041748047,-0.9536092,-0.002129997,0.95147926
CTD_20160920_104035.nc,THETA,75.3404312133789,-15.34652042388916,-0.7697632,-1.0412686,-0.27150542
CTD_20160928_145132.nc,THETA,75.18546295166016,-58.26137161254883,3.9203985,0.66904145,-3.251357
CTD_20160915_164446.nc,THETA,70.36614990234375,-50.795440673828125,0.8600794,2.0304067,1.1703273
CTD_20160928_151457.nc,THETA,75.60061645507812,-59.79729080200195,-0.0039772866,1.7232269,1.7272042
CTD_20160920_105734.nc,THETA,75.7161636352539,-18.600900650024414,-0.4866179,0.10155994,0.5881778
CTD_20160915_161939.nc,THETA,70.61602020263672,-51.961151123046875,0.7362692,2.2097535,1.4734843
CTD_20160914_130330.nc,THETA,70.65934753417969,-58.91387176513672,1.0797813,2.1713405,1.0915592
CTD_20160915_153637.nc,THETA,70.8405532836914,-53.64358901977539,0.8511316,2.16227,1.3111384
CTD_20160916_121551.nc,THETA,68.61138153076172,-53.895999908447266,2.2180212,2.2384143,0.020393133
CTD_20160921_102953.nc,THETA,74.84977722167969,-12.002249717712402,0.986322,1.0352179,0.048895895
CTD_20160921_113706.nc,THETA,77.9930191040039,-16.84140968322754,-1.1254083,-0.05425066,1.0711576
CTD_20160923_155926.nc,THETA,79.8961410522461,-64.80135345458984,-0.14045495,-1.0574013,-0.91694635
CTD_20160929_152248.nc,THETA,71.13201141357422,-20.44584083557129,0.26376733,0.8972343,0.63346696
CTD_20160923_151432.nc,THETA,81.22933959960938,-61.95423889160156,-0.9536092,-0.5642863,0.38932294
CTD_20160924_155010.nc,THETA,73.89958190917969,-61.89455032348633,0.468658,1.479377,1.0107191
CTD_20160924_183048.nc,THETA,73.57273864746094,-56.10219955444336,4.9693613,1.6226072,-3.346754
CTD_20160928_130536.nc,THETA,74.74935150146484,-60.68661880493164,0.608738,1.6565261,1.0477881
CTD_20160915_153525.nc,THETA,70.909912109375,-53.680660247802734,0.8511316,2.1821654,1.3310337
CTD_20160913_165025.nc,THETA,66.50330352783203,-54.43424987792969,2.869608,1.484217,-1.3853909
CTD_20160920_122449.nc,THETA,77.5922622680664,-4.6392598152160645,-0.54511476,0.87311625,1.418231
CTD_20160916_125444.nc,THETA,69.45733642578125,-55.95254135131836,0.8992324,1.881772,0.98253965
CTD_20160915_163322.nc,THETA,70.45157623291016,-51.329410552978516,0.8600794,2.1565633,1.2964839
CTD_20160920_112656.nc,THETA,75.94011688232422,-13.91316032409668,-0.73140806,-0.42728454,0.30412352
CTD_20160914_115451.nc,THETA,68.60028076171875,-59.4669189453125,1.2255807,1.1973597,-0.028221011
CTD_20160913_160633.nc,THETA,65.69866943359375,-53.545841217041016,3.9640286,3.433676,-0.5303526
CTD_20160928_163025.nc,THETA,75.8584213256836,-65.66993713378906,0.10427963,1.6474962,1.5432166
CTD_20160928_162349.nc,THETA,75.78951263427734,-64.16692352294922,0.23080467,1.6925682,1.4617635
CTD_20160924_175043.nc,THETA,73.04736328125,-56.52695083618164,1.7836318,1.7997681,0.016136289
CTD_20160923_144620.nc,THETA,81.94595336914062,-61.63331985473633,-0.8247769,-0.19490488,0.629872
CTD_20160921_102455.nc,THETA,75.00303649902344,-12.871800422668457,0.20673308,1.4534546,1.2467215
CTD_20160928_151950.nc,THETA,75.38986206054688,-60.444339752197266,0.35233307,1.7468569,1.3945239
CTD_20160921_121205.nc,THETA,78.79647827148438,-11.012399673461914,-1.6154783,-0.19579281,1.4196855
CTD_20160915_151827.nc,THETA,71.37798309326172,-53.41437911987305,0.5870258,2.1474745,1.5604486
CTD_20160929_143523.nc,THETA,73.19290924072266,-19.632070541381836,-0.15403092,0.61782086,0.7718518
CTD_20160920_115839.nc,THETA,76.76226806640625,-8.171050071716309,-1.0539243,0.31771877,1.3716431
CTD_20160924_181802.nc,THETA,73.26609802246094,-58.361351013183594,0.5213287,1.8235164,1.3021877
CTD_20160928_144813.nc,THETA,75.24105072021484,-58.3537483215332,3.7507293,0.33430675,-3.4164226
CTD_20160928_131325.nc,THETA,74.4440689086914,-60.89765167236328,0.5878155,1.6318216,1.0440061
CTD_20160922_104846.nc,THETA,78.64798736572266,-15.952179908752441,-1.4145899,-1.4769504,-0.062360525
CTD_20160924_165826.nc,THETA,72.45571899414062,-56.36309814453125,0.18323371,1.4327463,1.2495126
CTD_20160923_160651.nc,THETA,79.52752685546875,-65.62175750732422,-0.59359777,-0.46462926,0.1289685
CTD_20160928_153504.nc,THETA,75.67900085449219,-60.87548828125,-0.037847966,1.7069114,1.7447594
CTD_20160914_141455.nc,THETA,70.6724624633789,-55.88935852050781,0.6822947,2.2069948,1.5247
CTD_20160913_162647.nc,THETA,65.68377685546875,-55.759830474853516,2.4467516,3.7166893,1.2699378
CTD_20160921_103300.nc,THETA,74.73490905761719,-11.542570114135742,1.1919643,0.7589244,-0.43303984
CTD_20160923_145124.nc,THETA,81.7805404663086,-62.558189392089844,-0.7194363,-0.0266796,0.6927567
CTD_20160915_153339.nc,THETA,70.98304748535156,-53.68986129760742,0.4901086,2.0780742,1.5879656
CTD_20160928_142906.nc,THETA,74.86601257324219,-57.5461311340332,3.5295274,1.3693453,-2.160182
CTD_20160922_103448.nc,THETA,77.84123229980469,-13.817540168762207,-1.0159605,-0.05831779,0.9576427
CTD_20160924_180242.nc,THETA,72.96781158447266,-58.74578857421875,0.51100546,1.8318893,1.3208838
CTD_20160928_140957.nc,THETA,74.60173797607422,-56.62839126586914,3.7152562,0.14770083,-3.5675554
CTD_20160929_142312.nc,THETA,72.48603057861328,-20.59450912475586,-0.21057947,0.29279438,0.50337386
CTD_20160929_151235.nc,THETA,71.78589630126953,-19.544719696044922,0.21328625,0.8129974,0.5997112
CTD_20160915_160431.nc,THETA,71.04283142089844,-52.04393005371094,0.71737695,2.3204217,1.6030447
CTD_20160928_160847.nc,THETA,75.66309356689453,-62.38827896118164,0.3412548,1.6326059,1.2913511
CTD_20160914_111417.nc,THETA,67.19596862792969,-57.41143035888672,1.3564658,0.95014054,-0.40632528
CTD_20160924_162449.nc,THETA,72.75496673583984,-60.396331787109375,0.6595612,1.559762,0.9002008
CTD_20160915_134947.nc,THETA,68.6171875,-57.177330017089844,1.2293198,1.890455,0.6611352
CTD_20160928_155851.nc,THETA,76.12547302246094,-61.15406036376953,2.680353,1.5823094,-1.0980436
CTD_20160914_124551.nc,THETA,70.17900085449219,-60.10319900512695,1.1218841,2.0230243,0.9011402
CTD_20160923_171627.nc,THETA,77.53661346435547,-66.70382690429688,-0.65191054,0.69171095,1.3436215
CTD_20160922_121442.nc,THETA,80.1156234741211,-10.571310043334961,-1.786857,-1.1538275,0.63302946
CTD_20160928_150756.nc,THETA,75.6568832397461,-58.79804992675781,3.0186872,1.494667,-1.5240202
CTD_20160914_132943.nc,THETA,71.91532897949219,-61.05385971069336,0.6427565,1.6323082,0.9895517
CTD_20160924_153515.nc,THETA,73.8951416015625,-63.431610107421875,0.44228432,1.4043521,0.9620677
CTD_20160924_180802.nc,THETA,73.19146728515625,-59.24620056152344,0.55581003,1.6445999,1.0887899
CTD_20160923_170038.nc,THETA,77.33934783935547,-69.66768646240234,-0.6414926,0.5728748,1.2143674
CTD_20160915_141520.nc,THETA,69.98339080810547,-57.903411865234375,0.8653143,1.8627127,0.99739844
CTD_20160923_145614.nc,THETA,81.61617279052734,-63.59251022338867,-0.76174563,0.012850125,0.77459574
CTD_20160928_141542.nc,THETA,74.65450286865234,-57.040069580078125,3.7152562,1.45869,-2.256566
CTD_20160924_173732.nc,THETA,73.21810150146484,-55.329071044921875,5.2534647,1.243409,-4.0100555
CTD_20160921_115419.nc,THETA,78.66815948486328,-16.327680587768555,-1.238878,-0.52829695,0.71058106
CTD_20160924_182547.nc,THETA,73.44432830810547,-56.95917892456055,4.265228,1.760808,-2.5044198
CTD_20160928_161552.nc,THETA,75.99571228027344,-62.75408935546875,0.0072681983,1.6518555,1.6445873
CTD_20160916_150626.nc,THETA,76.28843688964844,-70.9336166381836,-0.32535782,0.6538758,0.9792336
CTD_20160915_133457.nc,THETA,68.2027587890625,-57.13261032104492,1.3545889,1.8099256,0.4553367
CTD_20160922_101407.nc,THETA,77.1334228515625,-10.464119911193848,-0.8919083,0.5650545,1.4569628
CTD_20160928_145641.nc,THETA,75.34163665771484,-58.95586013793945,0.007257578,1.4906217,1.4833641
CTD_20160916_154551.nc,THETA,77.29149627685547,-74.77397918701172,-0.47366855,-0.029987566,0.44368097
CTD_20160924_191450.nc,THETA,75.16873168945312,-63.99668884277344,0.7285043,0.9675286,0.23902428
CTD_20160923_145953.nc,THETA,81.59517669677734,-64.8337173461914,-0.86669546,-0.1331061,0.73358935
CTD_20160915_155110.nc,THETA,70.89916229248047,-52.73075866699219,0.7965848,2.1401222,1.3435373
CTD_20160920_113720.nc,THETA,75.97241973876953,-12.271638870239258,-0.9998918,-0.13441603,0.8654758
CTD_20160929_145212.nc,THETA,72.145751953125,-18.418970108032227,0.26379222,1.3526846,1.0888925
CTD_20160914_134856.nc,THETA,71.58447265625,-58.66114044189453,0.6177798,1.3796674,0.7618876
CTD_20161008_135045.nc,THETA,66.77661895751953,-29.53717041015625,1.5383871,2.171524,0.633137
CTD_20161008_133100.nc,THETA,67.00041198730469,-32.49510955810547,2.4713917,3.2994535,0.8280618
CTD_20161009_111610.nc,THETA,62.650630950927734,-40.956539154052734,4.114879,4.95312,0.8382411
CTD_20161001_130325.nc,THETA,64.7303695678711,-37.84822082519531,4.2958126,4.2240853,-0.071727276
CTD_20161006_123413.nc,THETA,69.36966705322266,-21.10318946838379,0.34793088,1.9111488,1.5632179
CTD_20161008_140716.nc,THETA,67.2475814819336,-27.507919311523438,0.72138137,1.3717022,0.6503208
CTD_20161009_102814.nc,THETA,60.32202911376953,-42.43178176879883,5.1093607,5.58999,0.48062944
CTD_20161006_154036.nc,THETA,65.59575653076172,-34.37281036376953,2.0136037,4.335069,2.3214655
CTD_20161001_131642.nc,THETA,65.2414779663086,-38.96968078613281,4.58111,3.2369552,-1.3441548
CTD_20161010_134357.nc,THETA,71.50250244140625,-27.199050903320312,-0.14465019,0.6975541,0.84220433
CTD_20161001_142124.nc,THETA,63.999691009521484,-40.24872970581055,3.4823666,4.7986836,1.3163171
CTD_20161010_141636.nc,THETA,70.48050689697266,-24.858549118041992,-0.26997077,0.4075322,0.677503
CTD_20161001_140256.nc,THETA,63.7069091796875,-38.50613021850586,4.6038795,5.608636,1.0047565
CTD_20161008_131859.nc,THETA,66.22308349609375,-32.37194061279297,1.6560718,2.5764272,0.92035544
CTD_20161008_123052.nc,THETA,65.03338623046875,-34.55849075317383,4.7642355,6.468888,1.7046523
CTD_20161006_135139.nc,THETA,68.41264343261719,-26.985660552978516,0.8976755,0.30844483,-0.58923066
CTD_20161010_130625.nc,THETA,70.41316223144531,-28.13920021057129,-0.7073357,0.75088257,1.4582183
CTD_20161009_104056.nc,THETA,61.01049041748047,-42.02989959716797,4.756497,5.779948,1.0234513
CTD_20161006_133736.nc,THETA,68.89002990722656,-25.31641960144043,0.767733,-0.06984119,-0.8375742
CTD_20161006_141711.nc,THETA,67.66412353515625,-28.436250686645508,1.5000806,0.5916994,-0.90838116
CTD_20161006_143705.nc,THETA,67.30458068847656,-31.037410736083984,2.1453087,2.3310528,0.18574405
CTD_20161010_143719.nc,THETA,70.25071716308594,-23.898889541625977,-0.09621172,0.40798098,0.5041927
CTD_20161008_151346.nc,THETA,66.54276275634766,-26.713529586791992,1.0465592,1.137126,0.090566754
CTD_20161006_134355.nc,THETA,68.68363189697266,-26.027009963989258,0.919156,0.9894931,0.07033706
CTD_20161008_122644.nc,THETA,64.81307220458984,-34.28757095336914,5.2568126,5.0893946,-0.167418
CTD_20161001_142632.nc,THETA,63.72182083129883,-40.21302032470703,3.7503145,3.7421834,-0.008131027
CTD_20161008_135820.nc,THETA,67.06559753417969,-28.680810928344727,1.3574344,0.61514306,-0.74229133
CTD_20161006_124400.nc,THETA,69.8781509399414,-20.10003089904785,0.24881963,0.6770207,0.42820108
CTD_20161009_111107.nc,THETA,62.45035934448242,-41.33028030395508,4.330925,4.9691052,0.63818026
CTD_20161006_124931.nc,THETA,70.23584747314453,-20.109149932861328,0.19451824,0.45652592,0.26200768
CTD_20161001_132730.nc,THETA,64.75775909423828,-39.86336898803711,3.9862392,3.250674,-0.7355652
CTD_20161009_110607.nc,THETA,62.27724075317383,-40.90196990966797,4.2562633,5.4313893,1.1751261
CTD_20161001_143136.nc,THETA,63.52981948852539,-39.73817825317383,3.8776352,5.631598,1.7539628
CTD_20161001_141122.nc,THETA,64.08586883544922,-38.79267120361328,4.2911654,5.604132,1.3129668
CTD_20161001_130823.nc,THETA,64.94274139404297,-38.161441802978516,3.8234735,4.7837725,0.960299
CTD_20161008_150109.nc,THETA,66.13610076904297,-28.216350555419922,1.9976689,3.3793373,1.3816684
CTD_20161010_140634.nc,THETA,71.09935760498047,-24.91253089904785,-0.4004921,0.33066878,0.7311609
CTD_20161006_140315.nc,THETA,68.1026382446289,-27.77094078063965,1.1611111,0.35133788,-0.8097732
CTD_20161008_141826.nc,THETA,67.65492248535156,-26.411380767822266,0.47256774,1.2229439,0.75037616
CTD_20161008_143402.nc,THETA,66.830810546875,-27.66861915588379,1.0767788,0.7206211,-0.35615766
CTD_20161008_144246.nc,THETA,66.46215057373047,-28.541980743408203,1.642169,2.4861364,0.84396744
CTD_20161010_145001.nc,THETA,70.10014343261719,-21.384559631347656,0.2143087,0.55026525,0.33595657
CTD_20161008_124547.nc,THETA,64.72411346435547,-36.56895065307617,4.3116665,4.4329066,0.12124014
CTD_20161006_142825.nc,THETA,67.3993911743164,-29.736839294433594,1.7776935,3.289968,1.5122745
CTD_20161010_142322.nc,THETA,70.39193725585938,-25.971799850463867,-0.33668563,0.49929065,0.83597624
CTD_20161001_125033.nc,THETA,64.18734741210938,-36.96862030029297,4.300284,4.5739827,0.2736988
CTD_20161009_105256.nc,THETA,61.61886978149414,-41.334529876708984,4.349524,5.298386,0.9488621
CTD_20161006_150040.nc,THETA,66.10397338867188,-30.646699905395508,2.2963302,2.7295148,0.43318462
CTD_20161006_151943.nc,THETA,65.8230209350586,-31.646820068359375,2.9261444,3.4903312,0.5641868
CTD_20161006_145047.nc,THETA,66.61852264404297,-30.751110076904297,2.184805,2.625238,0.44043303
CTD_20161006_152928.nc,THETA,65.82083129882812,-32.9647102355957,1.9145058,3.845813,1.9313072
CTD_20161008_122213.nc,THETA,64.60001373291016,-33.99150085449219,5.356174,5.3213773,-0.034796715
CTD_20161009_112224.nc,THETA,62.938480377197266,-40.60173034667969,4.1155696,4.839134,0.7235646
CTD_20161009_104604.nc,THETA,61.29983901977539,-41.85163116455078,4.596064,5.715171,1.1191068
CTD_20161001_135329.nc,THETA,63.989688873291016,-37.54397964477539,4.1391335,4.7568774,0.61774397
CTD_20161001_134519.nc,THETA,65.24239349365234,-38.312889099121094,2.6044676,4.210106,1.6056383
CTD_20161006_150939.nc,THETA,65.65653991699219,-30.450939178466797,4.0808954,4.7957163,0.71482086
CTD_20161001_133916.nc,THETA,64.5667495727539,-38.64970016479492,3.7808943,4.1321135,0.35121918
CTD_20161001_143840.nc,THETA,63.165260314941406,-40.26935958862305,3.9417815,5.6225533,1.6807718
CTD_20161008_145145.nc,THETA,66.11982727050781,-29.385860443115234,1.8280423,4.124292,2.2962496
CTD_20171018_140759.nc,THETA,73.8269271850586,-57.244930267333984,-0.1963767,1.4151837,1.6115603
CTD_20171015_121330.nc,THETA,69.44499969482422,-23.205520629882812,-0.52835435,-0.07064798,0.45770636
CTD_20171023_131753.nc,THETA,65.59427642822266,-55.850669860839844,3.2302535,4.4652805,1.2350271
CTD_20171014_094217.nc,THETA,65.82240295410156,-31.637300491333008,2.3332553,2.9368837,0.6036284
CTD_20171018_132130.nc,THETA,74.33763122558594,-57.99951934814453,-0.37373692,1.2830404,1.6567774
CTD_20171018_170913.nc,THETA,75.84615325927734,-69.3311996459961,-0.35422596,0.94403154,1.2982575
CTD_20171017_155944.nc,THETA,78.2886734008789,-73.8198471069336,-1.029125,-0.23651096,0.792614
CTD_20171016_114215.nc,THETA,71.94391632080078,-21.568099975585938,-0.45712855,0.45956638,0.91669494
CTD_20171019_142854.nc,THETA,72.00287628173828,-59.972721099853516,0.15438952,1.5365832,1.3821937
CTD_20171014_132403.nc,THETA,60.692569732666016,-42.20267105102539,4.6102953,5.128732,0.5184369
CTD_20171023_144948.nc,THETA,70.7809829711914,-51.936729431152344,0.39632186,1.946883,1.5505611
CTD_20171014_123444.nc,THETA,62.65208053588867,-40.96076965332031,4.0205507,5.611539,1.5909882
CTD_20171018_122743.nc,THETA,75.35658264160156,-59.06290054321289,-0.48952413,0.7294406,1.2189648
CTD_20171016_124238.nc,THETA,71.50360107421875,-27.2031192779541,-0.53271645,0.7751777,1.3078942
CTD_20171019_145057.nc,THETA,71.58415222167969,-58.67068099975586,0.09554068,0.9959396,0.9003989
CTD_20171023_132003.nc,THETA,65.70677185058594,-55.78752136230469,3.2302535,4.7403746,1.5101211
CTD_20171015_102129.nc,THETA,67.7469482421875,-31.494630813598633,2.5986931,1.4560689,-1.1426243
CTD_20171023_153304.nc,THETA,70.99156951904297,-53.680999755859375,0.19171827,1.5959988,1.4042805
CTD_20171014_124036.nc,THETA,62.44860076904297,-41.32831954956055,4.32268,4.9487576,0.62607765
CTD_20171014_151730.nc,THETA,63.999691009521484,-40.24956130981445,3.2143457,5.0181413,1.8037956
CTD_20171014_114922.nc,THETA,63.99021911621094,-37.54597854614258,4.251937,5.2007675,0.9488306
CTD_20171019_151952.nc,THETA,70.82878112792969,-56.06867980957031,0.51231384,1.4918525,0.9795387
CTD_20171019_130802.nc,THETA,72.75386810302734,-60.39955139160156,0.17545025,1.3052598,1.1298096
CTD_20171023_134211.nc,THETA,66.72057342529297,-54.05915069580078,3.5726414,2.5277326,-1.0449088
CTD_20171018_154526.nc,THETA,75.18424987792969,-61.199371337890625,0.023460768,1.4442823,1.4208215
CTD_20171023_133713.nc,THETA,66.5018310546875,-54.438899993896484,2.683685,2.8818138,0.1981287
CTD_20171017_161959.nc,THETA,77.28778076171875,-74.71820068359375,-0.8488333,0.2611646,1.109998
CTD_20171019_152327.nc,THETA,70.67543029785156,-55.89501953125,0.4830353,1.3584467,0.8754114
CTD_20171023_150717.nc,THETA,70.86509704589844,-51.39176940917969,-0.107630685,1.6779889,1.7856196
CTD_20171016_121232.nc,THETA,71.94087219238281,-28.411470413208008,-0.53271645,0.8606214,1.3933378
CTD_20171018_164026.nc,THETA,75.85212707519531,-65.64057922363281,-0.09971169,1.2728512,1.3725629
CTD_20171014_095426.nc,THETA,65.82424926757812,-32.962921142578125,1.3742646,2.902748,1.5284835
CTD_20171023_154955.nc,THETA,71.3794174194336,-53.42182159423828,0.33231875,1.8324475,1.5001287
CTD_20171018_131655.nc,THETA,74.51515197753906,-58.47893142700195,-0.39297912,1.2974143,1.6903934
CTD_20171014_142647.nc,THETA,62.6126708984375,-42.045101165771484,4.8266125,3.4233036,-1.4033089
CTD_20171018_162235.nc,THETA,75.60366821289062,-62.60173034667969,-0.07463977,1.3705776,1.4452174
CTD_20171018_120925.nc,THETA,75.46073150634766,-58.505680084228516,0.797278,1.0726539,0.2753759
CTD_20171014_122739.nc,THETA,62.93817138671875,-40.59893035888672,4.1581116,5.178848,1.0207362
CTD_20171015_150956.nc,THETA,67.06493377685547,-28.687850952148438,1.3303692,2.2378337,0.9074645
CTD_20171015_144037.nc,THETA,67.4052963256836,-29.726200103759766,1.0950315,2.2160144,1.1209829
CTD_20171015_102805.nc,THETA,68.03897857666016,-31.842269897460938,2.455871,1.204489,-1.2513821
CTD_20171019_134833.nc,THETA,73.0456314086914,-56.52539825439453,1.2002845,1.7695961,0.5693116
CTD_20171018_144708.nc,THETA,73.89952850341797,-61.8956298828125,-0.18075939,1.1435517,1.3243111
CTD_20171014_150101.nc,THETA,63.67873001098633,-41.01192855834961,5.022089,1.5195982,-3.5024908
CTD_20171018_124722.nc,THETA,75.39176940917969,-60.44491958618164,-0.16779862,1.4185058,1.5863044
CTD_20171018_174249.nc,THETA,77.16239929199219,-71.71737670898438,-0.5602278,0.3509096,0.9111374
CTD_20171014_131111.nc,THETA,61.29977035522461,-41.850399017333984,4.481182,5.105738,0.62455606
CTD_20171014_104210.nc,THETA,64.94584655761719,-38.16582107543945,3.9165266,4.6612434,0.7447169
CTD_20171023_150521.nc,THETA,70.82698059082031,-51.10456848144531,-0.58371234,2.0577052,2.6414175
CTD_20171018_153909.nc,THETA,74.9114990234375,-60.49290084838867,-0.026082924,1.2319127,1.2579956
CTD_20171019_151620.nc,THETA,70.98703002929688,-56.191768646240234,0.30899906,1.7256423,1.4166433
CTD_20171015_115705.nc,THETA,69.23909759521484,-25.084829330444336,1.156246,0.2713651,-0.88488084
CTD_20171019_132302.nc,THETA,73.07746887207031,-58.99106979370117,0.19138946,1.579735,1.3883456
CTD_20171023_143908.nc,THETA,70.45291900634766,-51.33707046508789,-0.0060508847,2.0383193,2.0443702
CTD_20171019_161921.nc,THETA,69.45771789550781,-55.9522705078125,0.6609951,0.99916524,0.3381701
CTD_20171018_175437.nc,THETA,77.33978271484375,-69.7533187866211,-1.0182714,0.25376984,1.2720413
CTD_20171016_151617.nc,THETA,68.09916687011719,-27.8062801361084,1.4184384,0.411812,-1.0066264
CTD_20171019_141955.nc,THETA,72.24456787109375,-58.5452995300293,0.025382617,1.096062,1.0706793
CTD_20171014_091253.nc,THETA,65.32649993896484,-28.625770568847656,6.122652,5.976643,-0.14600897
CTD_20171018_140415.nc,THETA,73.97679901123047,-56.76512145996094,1.3244896,1.3644906,0.040001035
CTD_20171014_141743.nc,THETA,62.14664840698242,-42.05234909057617,4.778685,3.584944,-1.1937411
CTD_20171015_151943.nc,THETA,67.24658203125,-27.5085506439209,0.9853662,0.47139636,-0.5139699
CTD_20171019_124845.nc,THETA,73.19599914550781,-62.551780700683594,0.0364047,0.801454,0.76504934
CTD_20171015_110812.nc,THETA,68.063720703125,-29.46232032775879,2.2368093,1.7071563,-0.52965295
CTD_20171018_122033.nc,THETA,75.23184967041016,-58.36695098876953,0.87667435,0.45632693,-0.42034742
CTD_20171014_121225.nc,THETA,63.53396987915039,-39.74605178833008,4.071226,5.397757,1.3265309
CTD_20171016_132831.nc,THETA,70.22039794921875,-22.319499969482422,-0.23624192,0.44678834,0.68303025
CTD_20171019_125245.nc,THETA,73.02198028564453,-63.02825164794922,0.038730484,1.2832628,1.2445323
CTD_20171017_152613.nc,THETA,80.11427307128906,-69.41799926757812,-1.038126,-0.7757632,0.26236278
CTD_20171014_104747.nc,THETA,64.72319793701172,-37.85306930541992,4.3957715,4.8559055,0.46013403
CTD_20171014_131724.nc,THETA,61.01074981689453,-42.028751373291016,4.4993825,5.203146,0.7037635
CTD_20171014_141411.nc,THETA,62.03982162475586,-42.28683090209961,5.0406647,2.9550598,-2.085605
CTD_20171015_130605.nc,THETA,70.5096664428711,-20.126380920410156,-0.4297788,0.6856743,1.1154531
CTD_20171014_112808.nc,THETA,64.72557830810547,-36.56692886352539,4.3418236,4.6732755,0.3314519
CTD_20171023_161243.nc,THETA,71.06900024414062,-55.037479400634766,0.45283917,1.6593009,1.2064618
CTD_20171016_110925.nc,THETA,72.0206527709961,-17.684799194335938,0.36016303,1.3663319,1.0061688
CTD_20171014_151151.nc,THETA,63.72187042236328,-40.08987045288086,3.69953,5.3208885,1.6213586
CTD_20171015_150155.nc,THETA,66.7773208618164,-29.53873062133789,1.3209789,3.1918073,1.8708284
CTD_20171015_103501.nc,THETA,68.33751678466797,-32.13602828979492,3.3918161,0.8366764,-2.5551398
CTD_20171018_150222.nc,THETA,73.89794921875,-63.432899475097656,-0.14905652,1.2267834,1.37584
CTD_20171014_163934.nc,THETA,65.99149322509766,-35.11233139038086,2.4362664,1.6090986,-0.82716787
CTD_20171018_115000.nc,THETA,75.95912170410156,-59.597198486328125,0.5048447,0.92992413,0.4250794
CTD_20171018_161324.nc,THETA,75.16757202148438,-63.99134826660156,-0.3985281,0.009790877,0.40831897
CTD_20171014_105649.nc,THETA,64.6156005859375,-38.76504898071289,3.915629,3.9444616,0.028832674
CTD_20171016_125338.nc,THETA,71.51377868652344,-25.859529495239258,-0.6614111,0.94478434,1.6061954
CTD_20171018_151826.nc,THETA,74.34850311279297,-60.65700149536133,-0.09773981,1.2942865,1.3920263
CTD_20171019_140739.nc,THETA,72.47222137451172,-56.3597297668457,-0.0057515055,1.2051007,1.2108521
CTD_20171014_165632.nc,THETA,66.84562683105469,-33.65205001831055,3.705639,1.3020941,-2.403545
CTD_20171023_162456.nc,THETA,70.47987365722656,-54.5164794921875,0.6697607,1.8052032,1.1354425
CTD_20171015_095816.nc,THETA,66.99846649169922,-32.492801666259766,2.3176353,2.0175428,-0.30009246
CTD_20171018_171852.nc,THETA,76.28656768798828,-70.9259033203125,-0.5350309,0.11621243,0.6512433
CTD_20171014_130222.nc,THETA,61.619171142578125,-41.336978912353516,4.3918643,5.048887,0.6570225
CTD_20171014_100757.nc,THETA,65.59976959228516,-34.348270416259766,1.483109,3.1957254,1.7126164
CTD_20171014_114232.nc,THETA,64.1876220703125,-36.96332931518555,4.363236,4.8939934,0.5307574
CTD_20171016_105358.nc,THETA,72.49883270263672,-20.456050872802734,-0.837562,0.16869289,1.0062549
CTD_20171018_165214.nc,THETA,75.22232818603516,-66.78691864013672,-0.20837441,1.1811012,1.3894756
CTD_20171023_153028.nc,THETA,70.83927154541016,-53.65174865722656,0.6101447,1.8155081,1.2053635
CTD_20171018_145112.nc,THETA,74.03402709960938,-62.526668548583984,-0.17350748,1.0714334,1.2449409
CTD_20171014_125231.nc,THETA,62.094329833984375,-41.38650131225586,4.2446003,4.518941,0.27434063
CTD_20171023_161928.nc,THETA,70.7497329711914,-54.8018798828125,0.5496299,1.7979068,1.2482768
CTD_20171019_132539.nc,THETA,72.96337127685547,-58.745880126953125,0.088024594,1.3997067,1.3116821
CTD_20171014_090338.nc,THETA,65.15042114257812,-27.718379974365234,6.8371277,6.8939595,0.056831837
CTD_20171018_124003.nc,THETA,75.67704772949219,-60.86798095703125,-0.4684487,1.0600933,1.528542
CTD_20171015_123129.nc,THETA,70.09919738769531,-21.387250900268555,-0.17400126,0.32891354,0.5029148
CTD_20171014_111654.nc,THETA,64.4031982421875,-37.88751983642578,4.3202524,4.1243668,-0.19588566
CTD_20171014_133656.nc,THETA,60.37825012207031,-42.90467071533203,4.8943224,3.3870378,-1.5072846
CTD_20171016_113131.nc,THETA,71.78772735595703,-19.537269592285156,-0.21207228,0.93890053,1.1509728
CTD_20171023_171507.nc,THETA,68.37357330322266,-55.61402130126953,1.3374425,2.0332367,0.6957942
CTD_20171018_133648.nc,THETA,74.9375,-57.64052963256836,0.37306195,0.5458621,0.17280012
CTD_20171014_103125.nc,THETA,65.0472183227539,-36.983951568603516,2.6956317,3.1854546,0.48982286
CTD_20171018_141538.nc,THETA,73.59317016601562,-56.17267990112305,1.7543875,1.3787078,-0.37567973
CTD_20171014_162838.nc,THETA,65.43656158447266,-36.33897018432617,1.6567291,1.677662,0.020932913
CTD_20171019_132027.nc,THETA,73.1876220703125,-59.24011993408203,0.06347757,1.4731758,1.4096982
CTD_20171023_151852.nc,THETA,70.90093231201172,-52.72896957397461,0.4499034,1.646023,1.1961197
CTD_20171016_102739.nc,THETA,72.6261978149414,-24.540149688720703,-0.64055854,0.6202862,1.2608447
CTD_20171018_131341.nc,THETA,74.61852264404297,-58.15258026123047,0.95764154,1.4377196,0.48007804
CTD_20171014_135845.nc,THETA,61.499549865722656,-42.243900299072266,4.773872,3.2214985,-1.5523734
CTD_20171014_154830.nc,THETA,64.7564697265625,-39.86585998535156,3.0424204,3.0152142,-0.027206182
CTD_20171018_172739.nc,THETA,76.49307250976562,-73.22921752929688,-0.6697199,-0.13309121,0.53662866
CTD_20171023_161628.nc,THETA,70.89727020263672,-54.91545104980469,0.60450846,1.6407535,1.0362451
CTD_20171018_114821.nc,THETA,75.91011810302734,-59.984580993652344,0.5048447,0.73758703,0.23274231
CTD_20171018_132603.nc,THETA,74.55043029785156,-57.56367874145508,0.89727354,1.3902967,0.49302316
CTD_20171018_142823.nc,THETA,73.62120056152344,-57.99435043334961,0.14088032,1.4421326,1.3012522
CTD_20171014_093103.nc,THETA,65.65872955322266,-30.448049545288086,3.67606,3.445579,-0.23048091
CTD_20171023_173533.nc,THETA,68.24479675292969,-57.154720306396484,0.80937105,1.4994602,0.69008917
CTD_20171019_134103.nc,THETA,73.24887084960938,-57.65787887573242,0.07265526,1.6015179,1.5288627
CTD_20171015_141959.nc,THETA,67.73187255859375,-26.801000595092773,0.5430784,0.20874664,-0.33433178
CTD_20171014_150805.nc,THETA,63.66204833984375,-40.55377960205078,5.022089,1.8358301,-3.1862588
CTD_20171018_163342.nc,THETA,75.7728271484375,-64.27055358886719,-0.09660045,1.3591018,1.4557022
CTD_20171014_170944.nc,THETA,66.21923065185547,-32.36764907836914,1.2194915,2.8066003,1.5871089
CTD_20171016_110453.nc,THETA,72.14720153808594,-18.43597984313965,-0.03621896,1.4394819,1.4757009
CTD_20171015_110445.nc,THETA,68.23097229003906,-29.636579513549805,2.2811396,1.1154925,-1.1656471
CTD_20171015_101527.nc,THETA,67.72865295410156,-32.226051330566406,3.8470492,1.7349632,-2.112086
CTD_20171016_141027.nc,THETA,70.40318298339844,-28.08007049560547,-0.7630992,0.6790099,1.4421091
CTD_20171015_120226.nc,THETA,69.04605102539062,-24.508119583129883,-0.083787,0.46158606,0.5453731
CTD_20171015_143222.nc,THETA,67.5844497680664,-28.563949584960938,1.7738982,0.982705,-0.79119325
CTD_20171018_114550.nc,THETA,75.92243194580078,-60.457130432128906,0.27873752,1.4334581,1.1547205
CTD_20171023_165142.nc,THETA,69.20217895507812,-52.418128967285156,1.1260895,1.968781,0.84269154
CTD_20171015_132717.nc,THETA,69.37071990966797,-21.100730895996094,0.11004123,0.7451409,0.63509965
CTD_20171019_155314.nc,THETA,70.17880249023438,-60.097721099853516,0.41233024,0.59135604,0.1790258
CTD_20171019_143517.nc,THETA,71.91748046875,-61.047149658203125,0.27021265,1.1440402,0.8738276
CTD_20171018_134450.nc,THETA,74.64141845703125,-56.6569709777832,0.6439418,1.2461495,0.6022077
CTD_20171018_125724.nc,THETA,75.09615325927734,-59.35987091064453,-0.41475168,1.2370532,1.6518048
CTD_20171018_130059.nc,THETA,74.93958282470703,-58.974918365478516,-0.3824985,1.3249453,1.7074438
CTD_20171014_124557.nc,THETA,62.27830123901367,-40.902748107910156,4.383804,4.6324773,0.24867344
CTD_20171016_131327.nc,THETA,70.48348236083984,-24.858549118041992,-0.33419374,0.4698422,0.8040359
CTD_20171023_175750.nc,THETA,67.19792938232422,-57.41387939453125,1.757796,1.252265,-0.5055311
CTD_20171023_143638.nc,THETA,70.39946746826172,-50.940650939941406,-0.0060508847,1.9533873,1.9594381
CTD_20171015_134716.nc,THETA,68.88445281982422,-24.112930297851562,-0.020291112,0.07567215,0.09596326
CTD_20171023_155547.nc,THETA,71.56414794921875,-52.57685089111328,0.039304223,1.9927937,1.9534894
CTD_20171015_153713.nc,THETA,66.4628677368164,-28.53692054748535,1.300877,1.9356651,0.63478816
CTD_20171014_085527.nc,THETA,64.98210144042969,-26.952619552612305,7.0849385,7.374196,0.28925753
CTD_20171014_092440.nc,THETA,65.5454330444336,-29.803829193115234,4.5125422,6.333947,1.8214049
CTD_20171018_144247.nc,THETA,73.74005126953125,-61.27687072753906,-0.16417186,0.9610314,1.1252033
CTD_20171017_155358.nc,THETA,78.51998138427734,-72.93956756591797,-1.1279527,0.027292585,1.1552453
CTD_20171023_172546.nc,THETA,68.79139709472656,-57.23752975463867,0.635362,1.4374423,0.8020803
CTD_20171014_160853.nc,THETA,65.2430191040039,-38.96979904174805,3.7171273,3.355823,-0.36130428
CTD_20171023_133532.nc,THETA,66.43921661376953,-54.60401916503906,2.7496102,2.708203,-0.04140711
CTD_20171023_144354.nc,THETA,70.62747955322266,-51.950950622558594,0.32853016,1.9311949,1.6026647
CTD_20171014_150351.nc,THETA,63.6555290222168,-40.69293975830078,5.022089,1.6984531,-3.323636
CTD_20171014_171931.nc,THETA,66.10846710205078,-30.652429580688477,1.9299904,2.6120002,0.6820098
CTD_20171016_135402.nc,THETA,70.89418029785156,-27.117219924926758,-0.53271645,0.7038957,1.2366121
CTD_20171014_161828.nc,THETA,65.36337280273438,-37.84907913208008,2.65736,3.0778835,0.4205234
CTD_20171016_142122.nc,THETA,70.47017669677734,-26.941730499267578,-0.7544402,0.75997096,1.5144112
CTD_20171014_122145.nc,THETA,63.16550064086914,-40.26802062988281,4.038599,4.287156,0.24855709
CTD_20171018_153126.nc,THETA,74.60459899902344,-61.21120071411133,-0.021861287,1.2952688,1.3171301
CTD_20171018_160307.nc,THETA,74.73314666748047,-65.22857666015625,-0.108319044,0.7220187,0.83033776
CTD_20171015_094530.nc,THETA,66.62213134765625,-30.745800018310547,1.8613564,2.1989295,0.33757317
CTD_20171014_154057.nc,THETA,64.98548889160156,-40.6273307800293,3.7637422,2.237626,-1.5261161
CTD_20171014_140506.nc,THETA,61.75117874145508,-41.7286491394043,4.2893434,4.1444273,-0.14491606
CTD_20171015_125030.nc,THETA,71.13381958007812,-20.453449249267578,-0.29368296,0.5671372,0.8608202
CTD_20171023_170447.nc,THETA,68.61205291748047,-53.89310073852539,1.7750348,2.3185976,0.54356277
CTD_20171018_125131.nc,THETA,75.3741226196289,-59.63180160522461,-0.495613,1.4298608,1.9254738
CTD_20171015_093321.nc,THETA,66.1210708618164,-29.385169982910156,1.4439121,2.0441053,0.60019314
CTD_20171015_131646.nc,THETA,69.87760162353516,-20.10059928894043,-0.3314189,0.8229692,1.1543881
CTD_20171023_165722.nc,THETA,69.00180053710938,-53.11362838745117,1.4887722,2.3173769,0.8286047
CTD_20171018_173709.nc,THETA,76.85433197021484,-71.76396942138672,-0.52437484,0.673324,1.1976988
CTD_20171018_131029.nc,THETA,74.70570373535156,-58.52267837524414,-0.1751207,1.4241978,1.5993185
CTD_20171014_134531.nc,THETA,60.81122970581055,-42.67892837524414,5.4864655,2.5884748,-2.8979907
CTD_20171014_091925.nc,THETA,65.45082092285156,-29.271970748901367,5.357577,5.6070633,0.24948645
CTD_20171023_174710.nc,THETA,67.74622344970703,-58.607601165771484,0.62296396,0.93556553,0.31260157
CTD_20171023_154358.nc,THETA,71.10517883300781,-53.17401885986328,0.37469283,1.7056295,1.3309367
CTD_20171017_151502.nc,THETA,80.61109924316406,-66.95960235595703,-1.6099052,-0.3347148,1.2751905
CTD_20171016_144117.nc,THETA,70.11042022705078,-27.340469360351562,-0.7630992,0.44475707,1.2078563
CTD_20171023_132203.nc,THETA,65.81095123291016,-55.73310089111328,3.073189,4.981302,1.9081128
CTD_20171014_164755.nc,THETA,66.28441619873047,-33.8380012512207,1.7145447,2.4867094,0.7721647
CTD_20171023_163626.nc,THETA,70.19168090820312,-52.886749267578125,0.82214224,1.786032,0.9638897
CTD_20171014_113351.nc,THETA,64.47196960449219,-36.34877014160156,4.4342217,5.704783,1.2705612
CTD_20171018_135128.nc,THETA,74.38990020751953,-56.166500091552734,0.38011193,0.9559817,0.57586974
CTD_20171014_143509.nc,THETA,62.91284942626953,-41.374271392822266,4.9210453,2.9033308,-2.0177145
CTD_20171018_113411.nc,THETA,75.99571990966797,-62.740478515625,-0.28155437,1.2654495,1.5470039
CTD_20171015_144938.nc,THETA,67.30278015136719,-31.041099548339844,1.887273,2.45468,0.567407
CTD_20171018_142150.nc,THETA,73.4451675415039,-56.955318450927734,1.8453088,1.549927,-0.29538178
CTD_20171019_160601.nc,THETA,69.98342895507812,-57.905250549316406,0.28899738,0.8079383,0.5189409
CTD_20171014_120014.nc,THETA,63.708580017089844,-38.5018310546875,4.72712,5.3956733,0.66855335
CTD_20171016_132004.nc,THETA,70.25116729736328,-23.904800415039062,-0.35248473,0.5256177,0.8781024
CTD_20171017_161013.nc,THETA,77.80638122558594,-75.04377746582031,-0.90154284,-0.31770593,0.5838369
CTD_20171016_122834.nc,THETA,71.5730209350586,-27.769750595092773,-0.53271645,0.7240443,1.2567608
CTD_20171014_135013.nc,THETA,61.0631217956543,-42.57802963256836,5.0142283,2.7153306,-2.2988977
CTD_20171018_180150.nc,THETA,77.45332336425781,-68.04830169677734,-1.0293708,0.25721744,1.2865882
CTD_20171019_154153.nc,THETA,70.65840148925781,-58.913970947265625,0.45138326,1.141081,0.68969774
CTD_20171023_151212.nc,THETA,71.04039764404297,-52.04167938232422,0.35131264,2.0399609,1.6886482
CTD_20171019_133659.nc,THETA,73.26506805419922,-58.362850189208984,0.20040213,1.4701685,1.2697663
CTD_20171015_122319.nc,THETA,69.72026824951172,-21.90839958190918,-0.22929554,0.22787747,0.457173
CTD_20171016_143109.nc,THETA,70.3940200805664,-25.960899353027344,-0.35883018,0.5534316,0.9122617
CTD_20171014_133214.nc,THETA,60.32402038574219,-42.43013000488281,4.7336345,5.2595944,0.52595997
CTD_20171015_135555.nc,THETA,68.66742706298828,-25.43644905090332,0.040881366,0.42545018,0.3845688
CTD_20171014_152026.nc,THETA,64.14820098876953,-40.32939910888672,2.990282,3.539267,0.548985
CTD_20171016_130337.nc,THETA,71.100830078125,-24.9185791015625,-0.4670757,0.39330426,0.86037993
CTD_20171014_101700.nc,THETA,65.35162353515625,-35.162601470947266,1.5774207,3.3229828,1.7455621
CTD_20171018_145516.nc,THETA,74.21732330322266,-63.01314926147461,-0.17389004,1.0719712,1.2458612
CTD_20171015_100856.nc,THETA,67.48168182373047,-32.772701263427734,2.770213,1.4902258,-1.2799871
CTD_20171015_152820.nc,THETA,66.83463287353516,-27.66482925415039,1.0231345,0.6531792,-0.36995524
CTD_20171018_170019.nc,THETA,75.40706634521484,-68.26664733886719,-0.2938706,1.0055515,1.299422
CTD_20171023_153140.nc,THETA,70.90878295898438,-53.6773796081543,0.6101447,1.7631387,1.1529939
CTD_20160916_140334.nc,SALT,74.73277282714844,-65.24624633789062,33.78817,34.06748,0.27930832
CTD_20160928_154417.nc,SALT,75.95733642578125,-59.61069107055664,32.337997,33.87655,1.5385513
CTD_20160923_153439.nc,SALT,81.22250366210938,-64.78015899658203,33.36024,33.92207,0.5618286
CTD_20160914_145226.nc,SALT,69.19828033447266,-52.412818908691406,33.522415,34.09622,0.57380295
CTD_20160924_155359.nc,SALT,73.73886108398438,-61.26927947998047,33.520714,34.140453,0.61973953
CTD_20160928_133513.nc,SALT,74.03338623046875,-58.2613410949707,33.440243,33.564255,0.12401199
CTD_20160928_130838.nc,SALT,74.64826202392578,-61.149200439453125,33.81698,34.303272,0.4862938
CTD_20160914_113251.nc,SALT,67.74603271484375,-58.61214828491211,33.44183,33.827286,0.3854561
CTD_20160913_154431.nc,SALT,64.77964782714844,-53.0094108581543,33.67671,34.152752,0.4760437
CTD_20160928_131853.nc,SALT,74.524169921875,-60.02251052856445,33.753014,34.295845,0.5428314
CTD_20160929_145648.nc,SALT,71.98985290527344,-17.682830810546875,34.213833,34.883743,0.66991043
CTD_20160924_163708.nc,SALT,71.98094177246094,-59.961429595947266,33.42962,34.204933,0.77531433
CTD_20160929_150010.nc,SALT,71.91944122314453,-17.121719360351562,34.33148,34.872425,0.54094696
CTD_20160924_161112.nc,SALT,73.0257568359375,-63.04066848754883,33.78514,34.26499,0.47985077
CTD_20160919_105644.nc,SALT,74.83074951171875,-16.701690673828125,33.550663,34.22017,0.6695061
CTD_20160916_152547.nc,SALT,76.54753875732422,-74.03031158447266,33.66154,34.01485,0.35330963
CTD_20160924_184444.nc,SALT,73.62181854248047,-58.00141906738281,33.684074,34.262806,0.57873154
CTD_20160924_164636.nc,SALT,72.24394226074219,-58.547821044921875,33.367302,33.928272,0.5609703
CTD_20160914_140842.nc,SALT,70.98692321777344,-56.181060791015625,33.502064,34.175255,0.6731911
CTD_20160919_103843.nc,SALT,73.87767028808594,-18.016870498657227,33.512268,34.121323,0.60905457
CTD_20160923_152417.nc,SALT,81.11044311523438,-62.13706970214844,33.168625,33.887524,0.7188988
CTD_20160913_152643.nc,SALT,64.10706329345703,-53.22467041015625,33.739525,34.253048,0.5135231
CTD_20160924_180521.nc,SALT,73.07792663574219,-58.98640060424805,33.611305,34.25044,0.63913345
CTD_20160929_141211.nc,SALT,71.945068359375,-21.572460174560547,33.51435,34.030037,0.51568604
CTD_20160924_160742.nc,SALT,73.18962860107422,-62.573429107666016,33.63032,34.155968,0.5256462
CTD_20160921_112603.nc,SALT,77.55322265625,-15.455860137939453,33.329433,33.53251,0.20307541
CTD_20160914_121319.nc,SALT,69.2605209350586,-59.08258056640625,33.708824,34.29687,0.588047
CTD_20160916_123311.nc,SALT,68.37175750732422,-55.62213134765625,33.712807,34.132515,0.41970825
CTD_20160921_112128.nc,SALT,77.28082275390625,-15.233920097351074,33.28509,33.41361,0.12851715
CTD_20160928_154917.nc,SALT,75.94892883300781,-60.439361572265625,32.490997,33.980717,1.4897194
CTD_20160916_145103.nc,SALT,75.84780883789062,-69.34266662597656,33.65189,34.19529,0.5433998
CTD_20160923_163350.nc,SALT,78.36917114257812,-73.61444091796875,33.28225,33.693142,0.4108925
CTD_20160928_134526.nc,SALT,74.11335754394531,-56.47211837768555,31.90485,34.15369,2.2488403
CTD_20160924_154631.nc,SALT,74.03315734863281,-62.52777099609375,33.618965,34.20309,0.5841255
CTD_20160924_171848.nc,SALT,72.9395980834961,-55.62314987182617,32.905235,34.266174,1.360939
CTD_20160920_111204.nc,SALT,76.37444305419922,-16.79054069519043,33.394135,34.04476,0.65062714
CTD_20160923_152021.nc,SALT,80.9990005493164,-61.32299041748047,33.168625,34.327587,1.1589622
CTD_20160920_104035.nc,SALT,75.3404312133789,-15.34652042388916,33.210228,33.4985,0.28827286
CTD_20160928_145132.nc,SALT,75.18546295166016,-58.26137161254883,31.958435,33.47492,1.5164833
CTD_20160915_164446.nc,SALT,70.36614990234375,-50.795440673828125,32.843575,34.1917,1.3481255
CTD_20160928_151457.nc,SALT,75.60061645507812,-59.79729080200195,33.33422,34.095947,0.7617264
CTD_20160920_105734.nc,SALT,75.7161636352539,-18.600900650024414,33.245148,33.86764,0.62249374
CTD_20160915_161939.nc,SALT,70.61602020263672,-51.961151123046875,33.642426,34.303356,0.66093063
CTD_20160914_130330.nc,SALT,70.65934753417969,-58.91387176513672,33.539326,34.271282,0.7319565
CTD_20160915_153637.nc,SALT,70.8405532836914,-53.64358901977539,33.66652,34.16611,0.49959183
CTD_20160916_121551.nc,SALT,68.61138153076172,-53.895999908447266,33.75979,34.145004,0.38521576
CTD_20160921_102953.nc,SALT,74.84977722167969,-12.002249717712402,34.503216,34.873734,0.37051773
CTD_20160921_113706.nc,SALT,77.9930191040039,-16.84140968322754,33.26814,33.976772,0.7086334
CTD_20160923_155926.nc,SALT,79.8961410522461,-64.80135345458984,32.21248,32.001377,-0.21110153
CTD_20160929_152248.nc,SALT,71.13201141357422,-20.44584083557129,33.73604,34.2025,0.46646118
CTD_20160923_151432.nc,SALT,81.22933959960938,-61.95423889160156,33.168625,33.476307,0.30768204
CTD_20160924_155010.nc,SALT,73.89958190917969,-61.89455032348633,33.55954,34.209934,0.65039444
CTD_20160924_183048.nc,SALT,73.57273864746094,-56.10219955444336,31.982674,34.158775,2.1761017
CTD_20160928_130536.nc,SALT,74.74935150146484,-60.68661880493164,33.82987,34.31378,0.48391342
CTD_20160915_153525.nc,SALT,70.909912109375,-53.680660247802734,33.66652,34.225838,0.55931854
CTD_20160913_165025.nc,SALT,66.50330352783203,-54.43424987792969,33.632805,33.69392,0.061115265
CTD_20160920_122449.nc,SALT,77.5922622680664,-4.6392598152160645,33.98102,34.772457,0.79143524
CTD_20160916_125444.nc,SALT,69.45733642578125,-55.95254135131836,33.367992,33.89206,0.5240669
CTD_20160915_163322.nc,SALT,70.45157623291016,-51.329410552978516,32.843575,34.301914,1.4583397
CTD_20160920_112656.nc,SALT,75.94011688232422,-13.91316032409668,33.419132,33.936813,0.5176811
CTD_20160914_115451.nc,SALT,68.60028076171875,-59.4669189453125,33.660633,34.093483,0.43284988
CTD_20160913_160633.nc,SALT,65.69866943359375,-53.545841217041016,33.40646,32.789364,-0.61709595
CTD_20160928_163025.nc,SALT,75.8584213256836,-65.66993713378906,33.68239,34.102135,0.4197464
CTD_20160928_162349.nc,SALT,75.78951263427734,-64.16692352294922,33.7702,34.31726,0.5470619
CTD_20160924_175043.nc,SALT,73.04736328125,-56.52695083618164,32.67004,34.207165,1.5371246
CTD_20160923_144620.nc,SALT,81.94595336914062,-61.63331985473633,33.40253,33.97761,0.5750809
CTD_20160921_102455.nc,SALT,75.00303649902344,-12.871800422668457,33.91372,34.58274,0.6690216
CTD_20160928_151950.nc,SALT,75.38986206054688,-60.444339752197266,33.706043,34.1889,0.48285675
CTD_20160921_121205.nc,SALT,78.79647827148438,-11.012399673461914,33.12686,33.765945,0.63908386
CTD_20160915_151827.nc,SALT,71.37798309326172,-53.41437911987305,33.611423,34.200993,0.5895691
CTD_20160929_143523.nc,SALT,73.19290924072266,-19.632070541381836,33.606846,34.283398,0.6765518
CTD_20160920_115839.nc,SALT,76.76226806640625,-8.171050071716309,33.451775,34.048626,0.59685135
CTD_20160924_181802.nc,SALT,73.26609802246094,-58.361351013183594,33.66777,34.26926,0.60149
CTD_20160928_144813.nc,SALT,75.24105072021484,-58.3537483215332,32.050335,33.168404,1.1180687
CTD_20160928_131325.nc,SALT,74.4440689086914,-60.89765167236328,33.77138,34.26717,0.49578857
CTD_20160922_104846.nc,SALT,78.64798736572266,-15.952179908752441,33.08489,32.590534,-0.49435425
CTD_20160924_165826.nc,SALT,72.45571899414062,-56.36309814453125,33.459114,33.840168,0.38105392
CTD_20160923_160651.nc,SALT,79.52752685546875,-65.62175750732422,33.11162,33.275383,0.16376114
CTD_20160928_153504.nc,SALT,75.67900085449219,-60.87548828125,33.409344,34.17454,0.76519775
CTD_20160914_141455.nc,SALT,70.6724624633789,-55.88935852050781,33.601345,34.25044,0.6490936
CTD_20160913_162647.nc,SALT,65.68377685546875,-55.759830474853516,34.016174,34.381664,0.36548996
CTD_20160921_103300.nc,SALT,74.73490905761719,-11.542570114135742,34.592415,34.915115,0.3227005
CTD_20160923_145124.nc,SALT,81.7805404663086,-62.558189392089844,33.570934,34.094555,0.5236206
CTD_20160915_153339.nc,SALT,70.98304748535156,-53.68986129760742,33.397797,34.092216,0.69441986
CTD_20160928_142906.nc,SALT,74.86601257324219,-57.5461311340332,31.934956,34.08086,2.1459045
CTD_20160922_103448.nc,SALT,77.84123229980469,-13.817540168762207,33.422997,33.85092,0.4279251
CTD_20160924_180242.nc,SALT,72.96781158447266,-58.74578857421875,33.50217,34.095303,0.593132
CTD_20160928_140957.nc,SALT,74.60173797607422,-56.62839126586914,31.939548,32.2297,0.2901497
CTD_20160929_142312.nc,SALT,72.48603057861328,-20.59450912475586,33.440514,34.000015,0.55950165
CTD_20160929_151235.nc,SALT,71.78589630126953,-19.544719696044922,33.780952,34.291477,0.51052475
CTD_20160915_160431.nc,SALT,71.04283142089844,-52.04393005371094,33.67657,34.305637,0.62906647
CTD_20160928_160847.nc,SALT,75.66309356689453,-62.38827896118164,33.81822,34.31548,0.49726105
CTD_20160914_111417.nc,SALT,67.19596862792969,-57.41143035888672,33.702293,34.10267,0.40037537
CTD_20160924_162449.nc,SALT,72.75496673583984,-60.396331787109375,33.54061,34.254246,0.7136345
CTD_20160915_134947.nc,SALT,68.6171875,-57.177330017089844,33.514984,33.98293,0.4679451
CTD_20160928_155851.nc,SALT,76.12547302246094,-61.15406036376953,32.00186,34.0825,2.080639
CTD_20160914_124551.nc,SALT,70.17900085449219,-60.10319900512695,33.49287,34.191307,0.69843674
CTD_20160923_171627.nc,SALT,77.53661346435547,-66.70382690429688,33.482067,33.412884,-0.06918335
CTD_20160922_121442.nc,SALT,80.1156234741211,-10.571310043334961,32.810146,32.720394,-0.0897522
CTD_20160928_150756.nc,SALT,75.6568832397461,-58.79804992675781,32.1558,33.976723,1.8209229
CTD_20160914_132943.nc,SALT,71.91532897949219,-61.05385971069336,33.80232,34.344265,0.5419464
CTD_20160924_153515.nc,SALT,73.8951416015625,-63.431610107421875,33.61641,34.252045,0.6356354
CTD_20160924_180802.nc,SALT,73.19146728515625,-59.24620056152344,33.49032,34.149593,0.65927505
CTD_20160923_170038.nc,SALT,77.33934783935547,-69.66768646240234,33.4051,33.98849,0.5833893
CTD_20160915_141520.nc,SALT,69.98339080810547,-57.903411865234375,33.39002,34.057636,0.6676178
CTD_20160923_145614.nc,SALT,81.61617279052734,-63.59251022338867,33.484737,34.29163,0.8068924
CTD_20160928_141542.nc,SALT,74.65450286865234,-57.040069580078125,31.939548,34.207886,2.2683372
CTD_20160924_173732.nc,SALT,73.21810150146484,-55.329071044921875,31.987183,33.880573,1.8933907
CTD_20160921_115419.nc,SALT,78.66815948486328,-16.327680587768555,33.2776,33.420128,0.14252853
CTD_20160924_182547.nc,SALT,73.44432830810547,-56.95917892456055,32.112953,34.225098,2.1121445
CTD_20160928_161552.nc,SALT,75.99571228027344,-62.75408935546875,33.498837,34.05771,0.5588722
CTD_20160916_150626.nc,SALT,76.28843688964844,-70.9336166381836,33.697113,34.214314,0.51720047
CTD_20160915_133457.nc,SALT,68.2027587890625,-57.13261032104492,33.556084,34.006477,0.45039368
CTD_20160922_101407.nc,SALT,77.1334228515625,-10.464119911193848,33.51147,34.2047,0.6932297
CTD_20160928_145641.nc,SALT,75.34163665771484,-58.95586013793945,33.32696,34.01413,0.6871681
CTD_20160916_154551.nc,SALT,77.29149627685547,-74.77397918701172,33.557777,34.107937,0.55015945
CTD_20160924_191450.nc,SALT,75.16873168945312,-63.99668884277344,33.646378,33.830566,0.18418884
CTD_20160923_145953.nc,SALT,81.59517669677734,-64.8337173461914,33.289436,34.247948,0.95851135
CTD_20160915_155110.nc,SALT,70.89916229248047,-52.73075866699219,33.637035,34.108215,0.47117996
CTD_20160920_113720.nc,SALT,75.97241973876953,-12.271638870239258,33.287636,34.010475,0.72283936
CTD_20160929_145212.nc,SALT,72.145751953125,-18.418970108032227,33.82336,34.497578,0.6742172
CTD_20160914_134856.nc,SALT,71.58447265625,-58.66114044189453,33.3749,33.913784,0.5388832
CTD_20161008_135045.nc,SALT,66.77661895751953,-29.53717041015625,33.220974,34.54599,1.325016
CTD_20161008_133100.nc,SALT,67.00041198730469,-32.49510955810547,33.280113,34.475994,1.1958809
CTD_20161009_111610.nc,SALT,62.650630950927734,-40.956539154052734,33.627728,34.592403,0.9646759
CTD_20161001_130325.nc,SALT,64.7303695678711,-37.84822082519531,34.294907,34.681805,0.38689804
CTD_20161006_123413.nc,SALT,69.36966705322266,-21.10318946838379,33.780468,34.67696,0.896492
CTD_20161008_140716.nc,SALT,67.2475814819336,-27.507919311523438,33.473976,33.799892,0.3259163
CTD_20161009_102814.nc,SALT,60.32202911376953,-42.43178176879883,33.87204,34.526054,0.6540146
CTD_20161006_154036.nc,SALT,65.59575653076172,-34.37281036376953,33.105507,34.799797,1.6942902
CTD_20161001_131642.nc,SALT,65.2414779663086,-38.96968078613281,32.8572,34.290535,1.4333344
CTD_20161010_134357.nc,SALT,71.50250244140625,-27.199050903320312,32.485336,34.165028,1.6796913
CTD_20161001_142124.nc,SALT,63.999691009521484,-40.24872970581055,33.537724,34.705605,1.167881
CTD_20161010_141636.nc,SALT,70.48050689697266,-24.858549118041992,33.439945,33.962696,0.52275085
CTD_20161001_140256.nc,SALT,63.7069091796875,-38.50613021850586,34.519318,34.790028,0.27071
CTD_20161008_131859.nc,SALT,66.22308349609375,-32.37194061279297,33.049507,34.521282,1.471775
CTD_20161008_123052.nc,SALT,65.03338623046875,-34.55849075317383,34.507122,34.97517,0.4680481
CTD_20161006_135139.nc,SALT,68.41264343261719,-26.985660552978516,33.13303,33.092632,-0.040397644
CTD_20161010_130625.nc,SALT,70.41316223144531,-28.13920021057129,32.89029,34.261864,1.3715744
CTD_20161009_104056.nc,SALT,61.01049041748047,-42.02989959716797,33.859673,34.697422,0.8377495
CTD_20161006_133736.nc,SALT,68.89002990722656,-25.31641960144043,32.90367,33.59301,0.6893387
CTD_20161006_141711.nc,SALT,67.66412353515625,-28.436250686645508,33.155327,33.721924,0.566597
CTD_20161006_143705.nc,SALT,67.30458068847656,-31.037410736083984,33.426086,34.72025,1.2941628
CTD_20161010_143719.nc,SALT,70.25071716308594,-23.898889541625977,33.3981,34.0285,0.6303978
CTD_20161008_151346.nc,SALT,66.54276275634766,-26.713529586791992,33.84018,34.713154,0.8729744
CTD_20161006_134355.nc,SALT,68.68363189697266,-26.027009963989258,32.87911,32.642925,-0.23618317
CTD_20161008_122644.nc,SALT,64.81307220458984,-34.28757095336914,34.80757,34.97058,0.16300964
CTD_20161001_142632.nc,SALT,63.72182083129883,-40.21302032470703,33.58702,34.526794,0.93977356
CTD_20161008_135820.nc,SALT,67.06559753417969,-28.680810928344727,33.319965,33.963425,0.6434593
CTD_20161006_124400.nc,SALT,69.8781509399414,-20.10003089904785,33.6974,34.460133,0.76273346
CTD_20161009_111107.nc,SALT,62.45035934448242,-41.33028030395508,33.896862,34.50789,0.61102676
CTD_20161006_124931.nc,SALT,70.23584747314453,-20.109149932861328,33.6586,34.472767,0.814167
CTD_20161001_132730.nc,SALT,64.75775909423828,-39.86336898803711,32.99427,33.975334,0.98106384
CTD_20161009_110607.nc,SALT,62.27724075317383,-40.90196990966797,34.151432,34.83711,0.6856766
CTD_20161001_143136.nc,SALT,63.52981948852539,-39.73817825317383,34.1349,34.921497,0.7865982
CTD_20161001_141122.nc,SALT,64.08586883544922,-38.79267120361328,34.24076,34.7597,0.51894
CTD_20161001_130823.nc,SALT,64.94274139404297,-38.161441802978516,34.242645,34.74961,0.50696564
CTD_20161008_150109.nc,SALT,66.13610076904297,-28.216350555419922,33.82068,34.5987,0.77802277
CTD_20161010_140634.nc,SALT,71.09935760498047,-24.91253089904785,33.338253,33.787888,0.44963455
CTD_20161006_140315.nc,SALT,68.1026382446289,-27.77094078063965,33.470425,34.07982,0.6093941
CTD_20161008_141826.nc,SALT,67.65492248535156,-26.411380767822266,33.55309,34.021492,0.46840286
CTD_20161008_143402.nc,SALT,66.830810546875,-27.66861915588379,33.516724,34.257645,0.740921
CTD_20161008_144246.nc,SALT,66.46215057373047,-28.541980743408203,33.262592,34.41138,1.1487885
CTD_20161010_145001.nc,SALT,70.10014343261719,-21.384559631347656,33.624966,34.40968,0.78471375
CTD_20161008_124547.nc,SALT,64.72411346435547,-36.56895065307617,34.438766,34.820736,0.38196945
CTD_20161006_142825.nc,SALT,67.3993911743164,-29.736839294433594,32.743603,34.07746,1.3338585
CTD_20161010_142322.nc,SALT,70.39193725585938,-25.971799850463867,33.44071,34.277637,0.8369293
CTD_20161001_125033.nc,SALT,64.18734741210938,-36.96862030029297,34.402336,34.75104,0.3487053
CTD_20161009_105256.nc,SALT,61.61886978149414,-41.334529876708984,34.03863,34.665237,0.626606
CTD_20161006_150040.nc,SALT,66.10397338867188,-30.646699905395508,33.51657,34.73009,1.21352
CTD_20161006_151943.nc,SALT,65.8230209350586,-31.646820068359375,33.885178,34.42871,0.5435333
CTD_20161006_145047.nc,SALT,66.61852264404297,-30.751110076904297,33.4463,34.736973,1.2906723
CTD_20161006_152928.nc,SALT,65.82083129882812,-32.9647102355957,33.25322,34.6419,1.3886795
CTD_20161008_122213.nc,SALT,64.60001373291016,-33.99150085449219,34.90157,34.98104,0.07947159
CTD_20161009_112224.nc,SALT,62.938480377197266,-40.60173034667969,33.914394,34.714363,0.7999687
CTD_20161009_104604.nc,SALT,61.29983901977539,-41.85163116455078,33.90266,34.65642,0.7537613
CTD_20161001_135329.nc,SALT,63.989688873291016,-37.54397964477539,34.307,34.71322,0.40621948
CTD_20161001_134519.nc,SALT,65.24239349365234,-38.312889099121094,33.284565,34.625523,1.3409576
CTD_20161006_150939.nc,SALT,65.65653991699219,-30.450939178466797,34.411636,34.868908,0.45727158
CTD_20161001_133916.nc,SALT,64.5667495727539,-38.64970016479492,34.21386,34.67462,0.46076202
CTD_20161001_143840.nc,SALT,63.165260314941406,-40.26935958862305,33.944637,34.876724,0.93208694
CTD_20161008_145145.nc,SALT,66.11982727050781,-29.385860443115234,33.202393,34.72581,1.5234184
CTD_20171018_140759.nc,SALT,73.8269271850586,-57.244930267333984,32.960716,34.22465,1.2639351
CTD_20171015_121330.nc,SALT,69.44499969482422,-23.205520629882812,33.017193,31.802376,-1.214817
CTD_20171023_131753.nc,SALT,65.59427642822266,-55.850669860839844,34.16901,34.56086,0.39184952
CTD_20171014_094217.nc,SALT,65.82240295410156,-31.637300491333008,33.614773,34.502625,0.8878517
CTD_20171018_132130.nc,SALT,74.33763122558594,-57.99951934814453,33.12317,34.23039,1.1072197
CTD_20171018_170913.nc,SALT,75.84615325927734,-69.3311996459961,33.608078,34.049736,0.44165802
CTD_20171017_155944.nc,SALT,78.2886734008789,-73.8198471069336,33.416016,34.012287,0.5962715
CTD_20171016_114215.nc,SALT,71.94391632080078,-21.568099975585938,33.290928,33.732952,0.44202423
CTD_20171019_142854.nc,SALT,72.00287628173828,-59.972721099853516,33.471756,34.189575,0.7178192
CTD_20171014_132403.nc,SALT,60.692569732666016,-42.20267105102539,33.879444,34.524143,0.6446991
CTD_20171023_144948.nc,SALT,70.7809829711914,-51.936729431152344,33.552387,34.25963,0.70724106
CTD_20171014_123444.nc,SALT,62.65208053588867,-40.96076965332031,33.64311,34.57041,0.9273033
CTD_20171018_122743.nc,SALT,75.35658264160156,-59.06290054321289,33.174644,33.752205,0.5775604
CTD_20171016_124238.nc,SALT,71.50360107421875,-27.2031192779541,32.3016,33.68545,1.3838501
CTD_20171019_145057.nc,SALT,71.58415222167969,-58.67068099975586,33.415985,33.9709,0.5549164
CTD_20171023_132003.nc,SALT,65.70677185058594,-55.78752136230469,34.16901,34.5445,0.37548828
CTD_20171015_102129.nc,SALT,67.7469482421875,-31.494630813598633,33.298367,33.571205,0.2728386
CTD_20171023_153304.nc,SALT,70.99156951904297,-53.680999755859375,33.244232,34.06281,0.8185768
CTD_20171014_124036.nc,SALT,62.44860076904297,-41.32831954956055,33.917778,34.56983,0.65205383
CTD_20171014_151730.nc,SALT,63.999691009521484,-40.24956130981445,33.560078,34.6008,1.0407219
CTD_20171014_114922.nc,SALT,63.99021911621094,-37.54597854614258,34.187626,34.734272,0.5466461
CTD_20171019_151952.nc,SALT,70.82878112792969,-56.06867980957031,33.62617,34.203472,0.577301
CTD_20171019_130802.nc,SALT,72.75386810302734,-60.39955139160156,33.55481,34.136986,0.5821762
CTD_20171023_134211.nc,SALT,66.72057342529297,-54.05915069580078,33.50703,33.833027,0.3259964
CTD_20171018_154526.nc,SALT,75.18424987792969,-61.199371337890625,33.82382,34.302475,0.47865677
CTD_20171023_133713.nc,SALT,66.5018310546875,-54.438899993896484,33.63944,33.93058,0.2911415
CTD_20171017_161959.nc,SALT,77.28778076171875,-74.71820068359375,33.612816,34.142235,0.52941895
CTD_20171019_152327.nc,SALT,70.67543029785156,-55.89501953125,33.604958,34.170364,0.5654068
CTD_20171023_150717.nc,SALT,70.86509704589844,-51.39176940917969,33.236668,34.106586,0.8699188
CTD_20171016_121232.nc,SALT,71.94087219238281,-28.411470413208008,32.3016,34.130657,1.8290558
CTD_20171018_164026.nc,SALT,75.85212707519531,-65.64057922363281,33.588795,34.07217,0.48337555
CTD_20171014_095426.nc,SALT,65.82424926757812,-32.962921142578125,33.132427,34.372345,1.2399178
CTD_20171023_154955.nc,SALT,71.3794174194336,-53.42182159423828,33.46969,34.110615,0.64092636
CTD_20171018_131655.nc,SALT,74.51515197753906,-58.47893142700195,33.20938,34.153942,0.944561
CTD_20171014_142647.nc,SALT,62.6126708984375,-42.045101165771484,33.236137,34.041115,0.8049774
CTD_20171018_162235.nc,SALT,75.60366821289062,-62.60173034667969,33.73477,34.3031,0.56832886
CTD_20171018_120925.nc,SALT,75.46073150634766,-58.505680084228516,32.119587,33.914085,1.7944984
CTD_20171014_122739.nc,SALT,62.93817138671875,-40.59893035888672,33.916477,34.636833,0.720356
CTD_20171015_150956.nc,SALT,67.06493377685547,-28.687850952148438,33.000477,34.250378,1.2499008
CTD_20171015_144037.nc,SALT,67.4052963256836,-29.726200103759766,32.65963,33.80089,1.141262
CTD_20171015_102805.nc,SALT,68.03897857666016,-31.842269897460938,32.878525,33.72864,0.8501167
CTD_20171019_134833.nc,SALT,73.0456314086914,-56.52539825439453,32.442287,34.19032,1.7480316
CTD_20171018_144708.nc,SALT,73.89952850341797,-61.8956298828125,33.51703,34.10279,0.585762
CTD_20171014_150101.nc,SALT,63.67873001098633,-41.01192855834961,32.66696,33.63035,0.96338654
CTD_20171018_124722.nc,SALT,75.39176940917969,-60.44491958618164,33.60721,34.184643,0.57743454
CTD_20171018_174249.nc,SALT,77.16239929199219,-71.71737670898438,33.580303,34.049957,0.46965408
CTD_20171014_131111.nc,SALT,61.29977035522461,-41.850399017333984,33.90642,34.498104,0.59168243
CTD_20171014_104210.nc,SALT,64.94584655761719,-38.16582107543945,34.139194,34.671227,0.532032
CTD_20171023_150521.nc,SALT,70.82698059082031,-51.10456848144531,32.091137,34.261166,2.1700287
CTD_20171018_153909.nc,SALT,74.9114990234375,-60.49290084838867,33.7437,34.22946,0.48576355
CTD_20171019_151620.nc,SALT,70.98703002929688,-56.191768646240234,33.48919,34.14731,0.6581192
CTD_20171015_115705.nc,SALT,69.23909759521484,-25.084829330444336,31.598137,31.491781,-0.10635567
CTD_20171019_132302.nc,SALT,73.07746887207031,-58.99106979370117,33.59762,34.248108,0.6504898
CTD_20171023_143908.nc,SALT,70.45291900634766,-51.33707046508789,32.615326,34.26212,1.6467934
CTD_20171019_161921.nc,SALT,69.45771789550781,-55.9522705078125,33.436714,33.91598,0.47926712
CTD_20171018_175437.nc,SALT,77.33978271484375,-69.7533187866211,33.398792,34.028435,0.6296425
CTD_20171016_151617.nc,SALT,68.09916687011719,-27.8062801361084,33.14771,34.06202,0.91431046
CTD_20171019_141955.nc,SALT,72.24456787109375,-58.5452995300293,33.388153,33.9698,0.58164597
CTD_20171014_091253.nc,SALT,65.32649993896484,-28.625770568847656,34.94365,34.959988,0.016338348
CTD_20171018_140415.nc,SALT,73.97679901123047,-56.76512145996094,32.109734,34.115704,2.00597
CTD_20171014_141743.nc,SALT,62.14664840698242,-42.05234909057617,33.292778,33.79242,0.49964142
CTD_20171015_151943.nc,SALT,67.24658203125,-27.5085506439209,33.04157,33.657898,0.6163292
CTD_20171019_124845.nc,SALT,73.19599914550781,-62.551780700683594,33.65064,33.904747,0.25410843
CTD_20171015_110812.nc,SALT,68.063720703125,-29.46232032775879,32.93855,34.03285,1.0942993
CTD_20171018_122033.nc,SALT,75.23184967041016,-58.36695098876953,31.914415,33.200493,1.2860775
CTD_20171014_121225.nc,SALT,63.53396987915039,-39.74605178833008,34.077774,34.83348,0.7557068
CTD_20171016_132831.nc,SALT,70.22039794921875,-22.319499969482422,33.213787,33.760235,0.54644775
CTD_20171019_125245.nc,SALT,73.02198028564453,-63.02825164794922,33.81401,33.67031,-0.14369965
CTD_20171017_152613.nc,SALT,80.11427307128906,-69.41799926757812,33.17172,33.211136,0.039417267
CTD_20171014_104747.nc,SALT,64.72319793701172,-37.85306930541992,34.180996,34.72644,0.5454445
CTD_20171014_131724.nc,SALT,61.01074981689453,-42.028751373291016,33.879414,34.46678,0.587368
CTD_20171014_141411.nc,SALT,62.03982162475586,-42.28683090209961,33.17629,33.756546,0.5802574
CTD_20171015_130605.nc,SALT,70.5096664428711,-20.126380920410156,33.426037,33.675934,0.249897
CTD_20171014_112808.nc,SALT,64.72557830810547,-36.56692886352539,34.283146,34.800835,0.51768875
CTD_20171023_161243.nc,SALT,71.06900024414062,-55.037479400634766,33.49198,33.92481,0.432827
CTD_20171016_110925.nc,SALT,72.0206527709961,-17.684799194335938,34.145638,34.837173,0.69153595
CTD_20171014_151151.nc,SALT,63.72187042236328,-40.08987045288086,33.88834,34.719593,0.83125305
CTD_20171015_150155.nc,SALT,66.7773208618164,-29.53873062133789,33.065914,34.34822,1.2823067
CTD_20171015_103501.nc,SALT,68.33751678466797,-32.13602828979492,31.867144,33.796333,1.9291897
CTD_20171018_150222.nc,SALT,73.89794921875,-63.432899475097656,33.588734,34.21346,0.62472534
CTD_20171014_163934.nc,SALT,65.99149322509766,-35.11233139038086,33.113873,33.392406,0.27853394
CTD_20171018_115000.nc,SALT,75.95912170410156,-59.597198486328125,32.09785,33.795845,1.6979942
CTD_20171018_161324.nc,SALT,75.16757202148438,-63.99134826660156,33.62943,33.796066,0.16663742
CTD_20171014_105649.nc,SALT,64.6156005859375,-38.76504898071289,34.138756,34.558586,0.41983032
CTD_20171016_125338.nc,SALT,71.51377868652344,-25.859529495239258,32.97789,34.15744,1.1795502
CTD_20171018_151826.nc,SALT,74.34850311279297,-60.65700149536133,33.631744,34.22992,0.59817505
CTD_20171019_140739.nc,SALT,72.47222137451172,-56.3597297668457,33.339016,33.885742,0.5467262
CTD_20171014_165632.nc,SALT,66.84562683105469,-33.65205001831055,32.16085,33.354706,1.1938553
CTD_20171023_162456.nc,SALT,70.47987365722656,-54.5164794921875,33.409435,34.186253,0.7768173
CTD_20171015_095816.nc,SALT,66.99846649169922,-32.492801666259766,33.177208,34.07616,0.8989525
CTD_20171018_171852.nc,SALT,76.28656768798828,-70.9259033203125,33.597843,34.154926,0.55708313
CTD_20171014_130222.nc,SALT,61.619171142578125,-41.336978912353516,34.029278,34.55112,0.52184296
CTD_20171014_100757.nc,SALT,65.59976959228516,-34.348270416259766,33.149155,34.43129,1.282135
CTD_20171014_114232.nc,SALT,64.1876220703125,-36.96332931518555,34.26317,34.724422,0.46125412
CTD_20171016_105358.nc,SALT,72.49883270263672,-20.456050872802734,33.175945,32.959774,-0.21617126
CTD_20171018_165214.nc,SALT,75.22232818603516,-66.78691864013672,33.83551,34.195923,0.3604126
CTD_20171023_153028.nc,SALT,70.83927154541016,-53.65174865722656,33.546146,34.20573,0.65958405
CTD_20171018_145112.nc,SALT,74.03402709960938,-62.526668548583984,33.57364,34.16735,0.59371185
CTD_20171014_125231.nc,SALT,62.094329833984375,-41.38650131225586,33.947273,34.22669,0.27941513
CTD_20171023_161928.nc,SALT,70.7497329711914,-54.8018798828125,33.5706,34.163452,0.59285355
CTD_20171019_132539.nc,SALT,72.96337127685547,-58.745880126953125,33.48901,34.157974,0.6689644
CTD_20171014_090338.nc,SALT,65.15042114257812,-27.718379974365234,34.98009,34.986958,0.006866455
CTD_20171018_124003.nc,SALT,75.67704772949219,-60.86798095703125,33.29068,34.109955,0.8192749
CTD_20171015_123129.nc,SALT,70.09919738769531,-21.387250900268555,33.450256,34.3826,0.9323425
CTD_20171014_111654.nc,SALT,64.4031982421875,-37.88751983642578,34.30084,34.786625,0.48578644
CTD_20171014_133656.nc,SALT,60.37825012207031,-42.90467071533203,33.70754,33.775894,0.06835556
CTD_20171016_113131.nc,SALT,71.78772735595703,-19.537269592285156,33.638325,34.250034,0.6117096
CTD_20171023_171507.nc,SALT,68.37357330322266,-55.61402130126953,33.76739,34.197964,0.4305725
CTD_20171018_133648.nc,SALT,74.9375,-57.64052963256836,31.846098,33.325092,1.4789944
CTD_20171014_103125.nc,SALT,65.0472183227539,-36.983951568603516,33.704468,34.0682,0.36373138
CTD_20171018_141538.nc,SALT,73.59317016601562,-56.17267990112305,31.994808,34.125584,2.1307755
CTD_20171014_162838.nc,SALT,65.43656158447266,-36.33897018432617,33.16008,33.24119,0.08111191
CTD_20171019_132027.nc,SALT,73.1876220703125,-59.24011993408203,33.47816,34.093746,0.6155853
CTD_20171023_151852.nc,SALT,70.90093231201172,-52.72896957397461,33.50244,34.023773,0.5213318
CTD_20171016_102739.nc,SALT,72.6261978149414,-24.540149688720703,32.884003,33.602875,0.7188721
CTD_20171018_131341.nc,SALT,74.61852264404297,-58.15258026123047,31.888924,34.20282,2.3138962
CTD_20171014_135845.nc,SALT,61.499549865722656,-42.243900299072266,33.464703,33.317944,-0.14675903
CTD_20171014_154830.nc,SALT,64.7564697265625,-39.86585998535156,32.94539,33.784035,0.83864594
CTD_20171018_172739.nc,SALT,76.49307250976562,-73.22921752929688,33.81147,34.216217,0.404747
CTD_20171023_161628.nc,SALT,70.89727020263672,-54.91545104980469,33.588913,34.059315,0.47040176
CTD_20171018_114821.nc,SALT,75.91011810302734,-59.984580993652344,32.09785,33.6119,1.5140495
CTD_20171018_132603.nc,SALT,74.55043029785156,-57.56367874145508,31.887552,34.15938,2.2718296
CTD_20171018_142823.nc,SALT,73.62120056152344,-57.99435043334961,33.634247,34.196564,0.5623169
CTD_20171014_093103.nc,SALT,65.65872955322266,-30.448049545288086,34.21129,34.622166,0.41087723
CTD_20171023_173533.nc,SALT,68.24479675292969,-57.154720306396484,33.659283,34.111652,0.4523697
CTD_20171019_134103.nc,SALT,73.24887084960938,-57.65787887573242,33.532387,34.231354,0.698967
CTD_20171015_141959.nc,SALT,67.73187255859375,-26.801000595092773,33.174976,32.8467,-0.3282776
CTD_20171014_150805.nc,SALT,63.66204833984375,-40.55377960205078,32.66696,33.212387,0.5454254
CTD_20171018_163342.nc,SALT,75.7728271484375,-64.27055358886719,33.70675,34.258995,0.5522461
CTD_20171014_170944.nc,SALT,66.21923065185547,-32.36764907836914,32.9828,34.37528,1.392479
CTD_20171016_110453.nc,SALT,72.14720153808594,-18.43597984313965,33.70722,34.42924,0.722023
CTD_20171015_110445.nc,SALT,68.23097229003906,-29.636579513549805,32.070374,33.321697,1.2513237
CTD_20171015_101527.nc,SALT,67.72865295410156,-32.226051330566406,31.639633,33.2382,1.598568
CTD_20171016_141027.nc,SALT,70.40318298339844,-28.08007049560547,32.7199,33.956398,1.2364998
CTD_20171015_120226.nc,SALT,69.04605102539062,-24.508119583129883,33.21527,33.418655,0.2033844
CTD_20171015_143222.nc,SALT,67.5844497680664,-28.563949584960938,32.82184,33.291607,0.46976852
CTD_20171018_114550.nc,SALT,75.92243194580078,-60.457130432128906,32.254837,34.037773,1.7829361
CTD_20171023_165142.nc,SALT,69.20217895507812,-52.418128967285156,33.41983,33.98086,0.56103134
CTD_20171015_132717.nc,SALT,69.37071990966797,-21.100730895996094,33.722126,34.414635,0.6925087
CTD_20171019_155314.nc,SALT,70.17880249023438,-60.097721099853516,33.60687,33.922882,0.31601334
CTD_20171019_143517.nc,SALT,71.91748046875,-61.047149658203125,33.838047,34.20498,0.36693192
CTD_20171018_134450.nc,SALT,74.64141845703125,-56.6569709777832,31.864546,34.143417,2.2788715
CTD_20171018_125724.nc,SALT,75.09615325927734,-59.35987091064453,33.264275,34.18973,0.925457
CTD_20171018_130059.nc,SALT,74.93958282470703,-58.974918365478516,33.29936,34.247433,0.94807434
CTD_20171014_124557.nc,SALT,62.27830123901367,-40.902748107910156,34.13384,34.486423,0.35258484
CTD_20171016_131327.nc,SALT,70.48348236083984,-24.858549118041992,33.307396,33.876564,0.5691681
CTD_20171023_175750.nc,SALT,67.19792938232422,-57.41387939453125,33.94348,34.114487,0.17100525
CTD_20171023_143638.nc,SALT,70.39946746826172,-50.940650939941406,32.615326,34.223644,1.6083183
CTD_20171015_134716.nc,SALT,68.88445281982422,-24.112930297851562,33.359516,33.45212,0.09260559
CTD_20171023_155547.nc,SALT,71.56414794921875,-52.57685089111328,33.03501,34.187843,1.152832
CTD_20171015_153713.nc,SALT,66.4628677368164,-28.53692054748535,33.154015,33.876854,0.72283936
CTD_20171014_085527.nc,SALT,64.98210144042969,-26.952619552612305,34.979267,34.9951,0.015830994
CTD_20171014_092440.nc,SALT,65.5454330444336,-29.803829193115234,34.45415,34.884014,0.42986298
CTD_20171018_144247.nc,SALT,73.74005126953125,-61.27687072753906,33.47898,33.945904,0.46692276
CTD_20171017_155358.nc,SALT,78.51998138427734,-72.93956756591797,33.308186,33.826946,0.5187607
CTD_20171023_172546.nc,SALT,68.79139709472656,-57.23752975463867,33.58738,34.02318,0.43579865
CTD_20171014_160853.nc,SALT,65.2430191040039,-38.96979904174805,32.77272,34.150284,1.3775635
CTD_20171023_133532.nc,SALT,66.43921661376953,-54.60401916503906,33.729275,33.926975,0.1977005
CTD_20171023_144354.nc,SALT,70.62747955322266,-51.950950622558594,33.51649,34.20889,0.6923981
CTD_20171014_150351.nc,SALT,63.6555290222168,-40.69293975830078,32.66696,33.583767,0.91680527
CTD_20171014_171931.nc,SALT,66.10846710205078,-30.652429580688477,33.388588,34.565697,1.1771088
CTD_20171016_135402.nc,SALT,70.89418029785156,-27.117219924926758,32.3016,33.981052,1.679451
CTD_20171014_161828.nc,SALT,65.36337280273438,-37.84907913208008,33.42591,34.29595,0.8700409
CTD_20171016_142122.nc,SALT,70.47017669677734,-26.941730499267578,32.716503,34.170643,1.4541397
CTD_20171014_122145.nc,SALT,63.16550064086914,-40.26802062988281,33.941677,34.54031,0.5986328
CTD_20171018_153126.nc,SALT,74.60459899902344,-61.21120071411133,33.73308,34.290726,0.5576439
CTD_20171018_160307.nc,SALT,74.73314666748047,-65.22857666015625,33.744064,33.949196,0.20513153
CTD_20171015_094530.nc,SALT,66.62213134765625,-30.745800018310547,33.323788,34.453552,1.1297646
CTD_20171014_154057.nc,SALT,64.98548889160156,-40.6273307800293,32.451195,33.644085,1.1928902
CTD_20171014_140506.nc,SALT,61.75117874145508,-41.7286491394043,33.598038,34.17709,0.579052
CTD_20171015_125030.nc,SALT,71.13381958007812,-20.453449249267578,33.534317,33.981888,0.4475708
CTD_20171023_170447.nc,SALT,68.61205291748047,-53.89310073852539,33.7541,34.1379,0.3838005
CTD_20171018_125131.nc,SALT,75.3741226196289,-59.63180160522461,33.173313,34.102795,0.9294815
CTD_20171015_093321.nc,SALT,66.1210708618164,-29.385169982910156,33.103622,34.449547,1.3459244
CTD_20171015_131646.nc,SALT,69.87760162353516,-20.10059928894043,33.472805,34.43095,0.95814514
CTD_20171023_165722.nc,SALT,69.00180053710938,-53.11362838745117,33.539776,34.133858,0.5940819
CTD_20171018_173709.nc,SALT,76.85433197021484,-71.76396942138672,33.692585,34.14038,0.44779587
CTD_20171018_131029.nc,SALT,74.70570373535156,-58.52267837524414,32.886215,34.23109,1.3448753
CTD_20171014_134531.nc,SALT,60.81122970581055,-42.67892837524414,32.90969,33.107372,0.19768143
CTD_20171014_091925.nc,SALT,65.45082092285156,-29.271970748901367,34.79974,34.964005,0.16426468
CTD_20171023_174710.nc,SALT,67.74622344970703,-58.607601165771484,33.626286,33.939526,0.31324005
CTD_20171023_154358.nc,SALT,71.10517883300781,-53.17401885986328,33.46763,34.047585,0.57995605
CTD_20171017_151502.nc,SALT,80.61109924316406,-66.95960235595703,32.275745,33.967415,1.6916695
CTD_20171016_144117.nc,SALT,70.11042022705078,-27.340469360351562,32.7199,34.08578,1.3658829
CTD_20171023_132203.nc,SALT,65.81095123291016,-55.73310089111328,34.098667,34.561005,0.4623375
CTD_20171014_164755.nc,SALT,66.28441619873047,-33.8380012512207,33.073956,33.7584,0.6844444
CTD_20171023_163626.nc,SALT,70.19168090820312,-52.886749267578125,33.28053,33.945217,0.6646881
CTD_20171014_113351.nc,SALT,64.47196960449219,-36.34877014160156,34.24583,34.80225,0.5564194
CTD_20171018_135128.nc,SALT,74.38990020751953,-56.166500091552734,31.913975,33.693707,1.7797318
CTD_20171014_143509.nc,SALT,62.91284942626953,-41.374271392822266,33.064114,33.427418,0.36330414
CTD_20171018_113411.nc,SALT,75.99571990966797,-62.740478515625,33.379936,34.07961,0.6996727
CTD_20171015_144938.nc,SALT,67.30278015136719,-31.041099548339844,33.324062,34.379837,1.0557747
CTD_20171018_142150.nc,SALT,73.4451675415039,-56.955318450927734,32.039616,34.204865,2.1652489
CTD_20171019_160601.nc,SALT,69.98342895507812,-57.905250549316406,33.50631,33.975826,0.46951675
CTD_20171014_120014.nc,SALT,63.708580017089844,-38.5018310546875,34.386993,34.762318,0.37532425
CTD_20171016_132004.nc,SALT,70.25116729736328,-23.904800415039062,33.211067,33.856422,0.6453552
CTD_20171017_161013.nc,SALT,77.80638122558594,-75.04377746582031,33.413536,33.853817,0.4402809
CTD_20171016_122834.nc,SALT,71.5730209350586,-27.769750595092773,32.3016,33.89849,1.5968895
CTD_20171014_135013.nc,SALT,61.0631217956543,-42.57802963256836,33.45981,33.674755,0.21494675
CTD_20171018_180150.nc,SALT,77.45332336425781,-68.04830169677734,33.514854,34.05708,0.5422249
CTD_20171019_154153.nc,SALT,70.65840148925781,-58.913970947265625,33.62704,34.130146,0.50310516
CTD_20171023_151212.nc,SALT,71.04039764404297,-52.04167938232422,33.55607,34.27115,0.71508026
CTD_20171019_133659.nc,SALT,73.26506805419922,-58.362850189208984,33.6359,34.15775,0.5218506
CTD_20171015_122319.nc,SALT,69.72026824951172,-21.90839958190918,33.419926,33.899193,0.47926712
CTD_20171016_143109.nc,SALT,70.3940200805664,-25.960899353027344,33.321457,34.005642,0.684185
CTD_20171014_133214.nc,SALT,60.32402038574219,-42.43013000488281,33.90333,34.369316,0.46598434
CTD_20171015_135555.nc,SALT,68.66742706298828,-25.43644905090332,33.129677,32.54128,-0.588398
CTD_20171014_152026.nc,SALT,64.14820098876953,-40.32939910888672,33.258137,33.99953,0.74139404
CTD_20171016_130337.nc,SALT,71.100830078125,-24.9185791015625,33.20491,33.216484,0.0115737915
CTD_20171014_101700.nc,SALT,65.35162353515625,-35.162601470947266,33.25786,34.14482,0.8869629
CTD_20171018_145516.nc,SALT,74.21732330322266,-63.01314926147461,33.60116,34.139668,0.53850937
CTD_20171015_100856.nc,SALT,67.48168182373047,-32.772701263427734,32.217857,33.300987,1.0831299
CTD_20171015_152820.nc,SALT,66.83463287353516,-27.66482925415039,33.206398,33.93583,0.72943115
CTD_20171018_170019.nc,SALT,75.40706634521484,-68.26664733886719,33.792427,34.10094,0.30851364
CTD_20171023_153140.nc,SALT,70.90878295898438,-53.6773796081543,33.546146,34.202415,0.6562691
